{"cameraMode":{"drawMode":0,"name":"Shaded","section":"Shading Mode"},"sceneLighting":false,"audioPlay":false,"sceneViewState":{"m_AlwaysRefresh":false,"showFog":true,"showSkybox":false,"showFlares":true,"showImageEffects":true,"showParticleSystems":true,"showVisualEffectGraphs":true,"m_FxEnabled":true},"in2DMode":false,"pivot":{"x":-0.2123192548751831,"y":-1.0256800651550294,"z":-0.21721035242080689},"rotation":{"x":0.05993698537349701,"y":0.029941953718662263,"z":-0.001798556069843471,"w":0.9977520704269409},"size":1.4815781116485596,"orthographic":false}