{"cameraMode":{"drawMode":0,"name":"Shaded","section":"Shading Mode"},"sceneLighting":true,"audioPlay":false,"sceneViewState":{"m_AlwaysRefresh":false,"showFog":true,"showSkybox":true,"showFlares":true,"showImageEffects":true,"showParticleSystems":true,"showVisualEffectGraphs":true,"m_FxEnabled":true},"in2DMode":false,"pivot":{"x":63.51839828491211,"y":-131.44772338867188,"z":-735.7611083984375},"rotation":{"x":0.017857173457741739,"y":-0.045943308621644977,"z":-0.01033974252641201,"w":-0.9993574619293213},"size":85.3932876586914,"orthographic":false}