{"cameraMode":{"drawMode":0,"name":"Shaded","section":"Shading Mode"},"sceneLighting":true,"audioPlay":false,"sceneViewState":{"m_AlwaysRefresh":false,"showFog":true,"showSkybox":true,"showFlares":true,"showImageEffects":true,"showParticleSystems":true,"showVisualEffectGraphs":true,"m_FxEnabled":true},"in2DMode":false,"pivot":{"x":119.57677459716797,"y":16.467090606689454,"z":-992.2863159179688},"rotation":{"x":0.0014930145116522909,"y":-0.025307120755314828,"z":0.00031344423769041896,"w":0.9999756813049316},"size":17.01618003845215,"orthographic":false}