{"cameraMode":{"drawMode":0,"name":"Shaded","section":"Shading Mode"},"sceneLighting":true,"audioPlay":false,"sceneViewState":{"m_AlwaysRefresh":false,"showFog":true,"showSkybox":true,"showFlares":true,"showImageEffects":true,"showParticleSystems":true,"showVisualEffectGraphs":true,"m_FxEnabled":true},"in2DMode":false,"pivot":{"x":75.72468566894531,"y":7.907708168029785,"z":-997.7189331054688},"rotation":{"x":-0.16753317415714265,"y":-0.30917835235595705,"z":0.049720119684934619,"w":-0.9352879524230957},"size":12.630491256713868,"orthographic":false}