{"cameraMode":{"drawMode":0,"name":"Shaded","section":"Shading Mode"},"sceneLighting":true,"audioPlay":false,"sceneViewState":{"m_AlwaysRefresh":false,"showFog":true,"showSkybox":true,"showFlares":true,"showImageEffects":true,"showParticleSystems":true,"showVisualEffectGraphs":true,"m_FxEnabled":true},"in2DMode":false,"pivot":{"x":37.90443420410156,"y":0.7585993409156799,"z":-2.1947696208953859},"rotation":{"x":0.3005629777908325,"y":-0.06545817852020264,"z":0.020653720945119859,"w":0.9513818621635437},"size":7.375890254974365,"orthographic":false}