{"cameraMode":{"drawMode":0,"name":"Shaded","section":"Shading Mode"},"sceneLighting":true,"audioPlay":false,"sceneViewState":{"m_AlwaysRefresh":false,"showFog":true,"showSkybox":true,"showFlares":true,"showImageEffects":true,"showParticleSystems":true,"showVisualEffectGraphs":true,"m_FxEnabled":true},"in2DMode":false,"pivot":{"x":54.127716064453128,"y":3.202765703201294,"z":1.1683205366134644},"rotation":{"x":-0.10549523681402207,"y":-0.889426052570343,"z":0.22108525037765504,"w":-0.38757798075675967},"size":1.0307765007019044,"orthographic":false}