{"cameraMode":{"drawMode":0,"name":"Shaded","section":"Shading Mode"},"sceneLighting":true,"audioPlay":false,"sceneViewState":{"m_AlwaysRefresh":false,"showFog":true,"showSkybox":false,"showFlares":true,"showImageEffects":true,"showParticleSystems":true,"showVisualEffectGraphs":true,"m_FxEnabled":true},"in2DMode":false,"pivot":{"x":-0.7869453430175781,"y":-0.30352962017059328,"z":0.9752304553985596},"rotation":{"x":0.05627976357936859,"y":0.8105257153511047,"z":0.07905371487140656,"w":-0.5776644349098206},"size":2.3006439208984377,"orthographic":false}