{"cameraMode":{"drawMode":0,"name":"Shaded","section":"Shading Mode"},"sceneLighting":true,"audioPlay":false,"sceneViewState":{"m_AlwaysRefresh":false,"showFog":true,"showSkybox":false,"showFlares":true,"showImageEffects":true,"showParticleSystems":true,"showVisualEffectGraphs":true,"m_FxEnabled":true},"in2DMode":false,"pivot":{"x":33.176734924316409,"y":5.329999923706055,"z":-0.3865041732788086},"rotation":{"x":0.2612833082675934,"y":0.007796546909958124,"z":-0.0011994706001132727,"w":0.9653975367546082},"size":3.81925892829895,"orthographic":false}