{"cameraMode":{"drawMode":0,"name":"Shaded","section":"Shading Mode"},"sceneLighting":true,"audioPlay":false,"sceneViewState":{"m_AlwaysRefresh":false,"showFog":true,"showSkybox":false,"showFlares":true,"showImageEffects":true,"showParticleSystems":true,"showVisualEffectGraphs":true,"m_FxEnabled":true},"in2DMode":false,"pivot":{"x":-0.6354341506958008,"y":0.08939611911773682,"z":0.4990723133087158},"rotation":{"x":-0.016484064981341363,"y":0.7702524662017822,"z":-0.019857047125697137,"w":-0.6372659802436829},"size":2.686126232147217,"orthographic":false}