{"cameraMode":{"drawMode":0,"name":"Shaded","section":"Shading Mode"},"sceneLighting":true,"audioPlay":false,"sceneViewState":{"m_AlwaysRefresh":false,"showFog":true,"showSkybox":false,"showFlares":true,"showImageEffects":true,"showParticleSystems":true,"showVisualEffectGraphs":true,"m_FxEnabled":true},"in2DMode":false,"pivot":{"x":2.421182632446289,"y":2.7996182441711427,"z":-0.4131603240966797},"rotation":{"x":0.15123745799064637,"y":0.3746323883533478,"z":-0.053430479019880298,"w":0.9138814210891724},"size":7.638517379760742,"orthographic":false}