{"cameraMode":{"drawMode":0,"name":"Shaded","section":"Shading Mode"},"sceneLighting":true,"audioPlay":false,"sceneViewState":{"m_AlwaysRefresh":false,"showFog":true,"showSkybox":true,"showFlares":true,"showImageEffects":true,"showParticleSystems":true,"showVisualEffectGraphs":true,"m_FxEnabled":true},"in2DMode":false,"pivot":{"x":126.24738311767578,"y":-121.69850158691406,"z":-1012.9727172851563},"rotation":{"x":0.001285288599319756,"y":0.9901315569877625,"z":-0.14362715184688569,"w":-0.016309412196278573},"size":42.11668395996094,"orthographic":false}