{"cameraMode":{"drawMode":0,"name":"Shaded","section":"Shading Mode"},"sceneLighting":true,"audioPlay":false,"sceneViewState":{"m_AlwaysRefresh":false,"showFog":true,"showSkybox":true,"showFlares":true,"showImageEffects":true,"showParticleSystems":true,"showVisualEffectGraphs":true,"m_FxEnabled":true},"in2DMode":false,"pivot":{"x":122.71834564208985,"y":-98.34656524658203,"z":-800.660888671875},"rotation":{"x":0.046132832765579227,"y":-0.041346848011016849,"z":-0.002021229360252619,"w":-0.9981457591056824},"size":15.041608810424805,"orthographic":false}